utc,nav,balance,unrealized_pl,open_trades,pl_since_low,pct_since_low
2026-07-16T10:39:34Z,16865.27,16807.98,57.28,2,1267.27,8.12
2026-07-16T10:40:55Z,16860.82,16807.98,52.83,2,1262.82,8.10
2026-07-16T10:48:38Z,16865.92,16807.98,57.93,2,142.86
2026-07-16T10:57:05Z,16873.32,16807.98,65.34,2,142.86
2026-07-16T10:57:55Z,16865.01,16807.98,57.03,2,142.86
2026-07-16T11:15:03Z,16861.10,16807.98,53.12,2,142.86
2026-07-16T12:15:02Z,16871.08,16886.45,-15.37,1,221.33
2026-07-16T13:15:02Z,16867.88,16902.32,-34.44,2,237.19
2026-07-16T14:15:02Z,16934.18,16922.93,11.25,1,257.81
2026-07-16T15:15:02Z,17016.72,17023.92,-7.20,1,358.80
