tid,pair,dir,raw_dir,composite,d_cert,m_cert,expected,vol_regime,m5_volume,spread_pips,h1_ret_aligned,peak_pips,exit_net,session,atr_5m,atr_1h,atr_d,atr_conc,atr_h1_relative,wall_frac,trend_4h_pips,htf_pct_20,htf_pct_60,rvol_5bar,rvol_12bar,rsi14_m5,rsi14_h1,bb_pos_h1,ema20_dist_pct,ema50_dist_pct,ret_5m_aligned,ret_15m_aligned,ret_30m_aligned,adx14_h1,adr_consumed
8802,EUR_JPY,short,-0.5479,-0.2750,0.6460,0.7770,24.1000,normal,2205,2.5000,8.4000,6.0000,-12.7000,london,8.0,18.64,91.11,8.43,4.909,2.09,-38.2,0.6,0.55,2.28,2.74,9.2,42.4,-0.68,-0.336,,16.0,20.1,24.5,20.1,1.21
8805,AUD_JPY,short,-0.3676,-0.0510,0.4640,0.2990,19.4000,normal,792,2.4000,-6.6000,4.6000,-13.7000,london,5.64,14.94,75.78,7.149,4.733,2.27,-12.8,0.95,0.81,1.25,1.52,11.1,57.6,-0.31,-0.245,,-0.7,6.2,12.9,1.8,1.22
8810,EUR_USD,short,-0.3951,-0.0510,0.4610,0.2800,12.0000,normal,542,1.6000,5.8000,19.6000,9.6500,london,4.54,11.83,64.14,6.788,4.426,6.68,-34.0,0.1,0.12,0.73,0.84,34.0,40.7,-0.67,-0.385,,3.9,3.4,-0.7,27.9,1.23
8813,GBP_USD,short,-0.3840,-0.0550,0.4650,0.3080,12.4000,normal,778,1.7000,10.3000,26.7000,15.5500,london,7.28,17.39,81.14,8.611,5.144,6.06,-82.9,0.1,0.05,0.81,0.82,34.2,28.0,-0.85,-0.533,,7.9,16.1,2.7,38.9,1.71
8823,USD_CHF,long,0.4308,0.1250,0.4910,0.5910,9.8000,normal,298,1.5000,11.9000,17.9000,10.9500,london,4.13,10.11,59.24,6.69,4.095,8.09,48.9,0.85,0.95,0.97,0.96,57.1,74.4,0.85,0.487,,3.8,-7.4,5.0,49.7,1.4
8843,EUR_USD,short,-0.3445,-0.0620,0.4580,0.3930,13.2000,normal,651,1.6000,3.3000,9.5000,-13.0000,london,4.79,12.41,64.14,7.163,4.642,2.38,-55.8,0.1,0.12,0.9,0.91,45.1,27.6,-0.8,-0.445,,-2.5,-8.5,-2.8,43.2,1.23
8847,USD_CHF,long,0.4786,0.0960,0.5480,0.3660,13.3000,normal,301,1.5000,9.2000,9.2000,-11.5000,london,4.54,10.75,59.24,7.361,4.355,4.75,47.6,0.85,0.95,0.92,0.89,65.9,79.0,0.92,0.567,,1.2,0.0,3.9,58.1,1.4
8854,EUR_JPY,short,-0.2774,-0.0370,0.3900,0.3420,20.4000,normal,1068,2.5000,-12.9000,0.0000,-10.2000,london,6.35,20.26,91.11,6.691,5.338,1.75,-11.0,0.6,0.55,1.2,1.15,51.0,41.6,-0.57,-0.277,,-4.8,-5.4,-0.2,10.6,1.21
8859,AUD_JPY,long,0.2898,0.0450,0.4450,0.3490,19.4000,normal,969,2.5000,20.4000,16.8000,3.6000,london,4.72,16.28,75.78,5.981,5.156,7.48,16.6,0.95,0.81,1.63,1.77,68.4,59.0,0.1,-0.006,,5.6,16.7,18.4,16.5,1.22
8866,USD_JPY,long,0.5132,0.1760,0.6190,0.5540,15.2000,normal,731,1.6000,6.0000,24.6000,17.8500,ny,8.09,16.13,61.75,12.571,6.269,4.87,55.8,1.0,0.97,0.7,0.73,78.1,88.0,1.32,0.364,,7.9,9.9,6.8,61.6,2.47
8869,USD_CAD,long,0.3175,0.0790,0.5110,0.4870,10.8000,normal,553,1.6000,-6.4000,6.6000,4.6500,ny,4.09,13.81,59.62,6.59,5.558,2.08,20.0,0.75,0.86,1.09,0.94,47.9,68.5,0.87,0.212,,-1.8,-0.6,1.6,60.7,0.87
8876,USD_CHF,long,0.4910,0.1950,0.5690,0.6980,8.9000,normal,178,1.5000,3.8000,11.0000,8.2000,ny,2.27,15.06,59.24,3.681,6.1,5.77,15.8,0.85,0.95,0.86,0.54,64.9,74.6,0.72,0.428,,0.6,1.6,6.7,64.1,1.4
8882,USD_CAD,long,0.3751,0.1500,0.4560,0.8770,11.1000,normal,392,1.8000,-1.9000,0.9000,-12.5000,ny,2.94,14.76,59.62,4.738,5.943,1.43,20.2,0.75,0.86,0.98,0.74,57.7,69.2,0.74,0.201,,-2.1,-2.4,2.7,57.1,0.87
8902,GBP_USD,short,-0.5256,-0.1750,0.6270,0.5310,16.3000,normal,999,2.1000,3.1000,1.6000,-9.6500,ny,3.55,25.04,81.14,4.2,7.407,0.45,-25.9,0.1,0.05,1.35,1.04,20.3,26.1,-0.67,-0.456,,7.6,10.7,12.9,65.3,1.71
8905,EUR_USD,short,-0.4579,-0.1720,0.5590,0.6720,16.0000,normal,783,1.7000,1.8000,2.3000,-8.9000,ny,2.52,16.87,64.14,3.774,6.313,0.91,-11.8,0.1,0.12,1.89,1.38,23.9,29.4,-0.58,-0.295,,5.2,6.8,9.0,49.2,1.23
8911,USD_CHF,long,0.5551,0.2150,0.6510,0.5950,17.5000,normal,335,1.5000,-3.1000,4.0000,-11.8000,ny,2.79,15.34,59.24,4.514,6.216,1.44,8.1,0.85,0.95,1.52,1.37,84.2,72.0,0.56,0.461,,3.5,6.9,8.9,71.5,1.4
8915,GBP_USD,short,-0.3430,-0.1290,0.4810,0.7820,23.9000,normal,861,1.8000,3.1000,8.5000,3.9000,ny,4.43,25.04,81.14,5.239,7.407,2.89,-25.9,0.1,0.05,1.12,0.98,47.6,26.1,-0.67,-0.37,,-3.2,-8.1,-12.7,65.3,1.71
8922,USD_CHF,long,0.3415,0.0600,0.4370,0.4020,13.9000,normal,190,1.4000,-1.5000,0.7000,-7.5500,ny,3.66,15.29,59.24,5.938,6.195,3.49,1.6,0.85,0.95,0.69,0.8,40.1,75.0,0.49,0.323,,-3.3,-4.5,-13.2,61.2,1.4
8926,GBP_USD,short,-0.2773,-0.0660,0.4750,0.5010,18.2000,normal,526,1.8000,-4.8000,0.0000,-2.6000,ny,4.84,23.94,81.14,5.721,7.082,2.34,-16.6,0.1,0.05,0.68,0.62,52.1,23.1,-0.56,-0.346,,0.6,3.5,-4.6,75.6,1.71
8938,GBP_USD,short,-0.2623,-0.0870,0.4780,0.6940,14.3000,normal,91,1.8000,-4.8000,2.4000,-6.2500,ny,4.16,23.94,81.14,4.918,7.082,2.91,-16.6,0.1,0.05,0.12,0.12,60.4,23.1,-0.56,-0.34,,2.3,0.3,3.8,75.6,1.71
8941,EUR_USD,short,-0.3124,-0.1170,0.3910,0.9580,8.3000,normal,158,1.6000,-0.0000,0.0000,-4.0000,ny,2.56,16.12,64.14,3.827,6.032,2.11,-7.8,0.1,0.12,0.37,0.36,56.1,24.2,-0.53,-0.244,,0.6,3.1,4.4,54.2,1.23
8944,USD_CAD,long,0.2773,0.0980,0.3910,0.9040,10.0000,normal,332,2.7000,0.4000,0.0000,-5.7000,ny,3.28,14.78,59.62,5.279,5.949,2.1,-0.3,0.75,0.86,0.87,0.83,55.0,69.2,0.53,0.152,,0.9,0.0,4.9,40.4,0.87
8955,AUD_JPY,short,-0.2700,-0.0510,0.3660,0.5160,36.3000,normal,361,2.3000,14.7000,10.3000,3.5000,asia,3.74,20.24,75.78,4.733,6.411,11.32,-31.5,0.95,0.81,1.2,1.89,19.7,59.7,-0.22,-0.061,,0.6,3.8,8.0,1.4,0.74
8961,USD_JPY,short,-0.3372,-0.0920,0.4770,0.5720,36.1000,normal,1463,1.5000,19.4000,12.4000,8.5500,asia,5.2,24.09,61.75,8.084,9.364,12.73,-28.5,1.0,0.96,2.79,4.18,22.2,55.9,0.03,0.023,,5.8,8.4,10.6,11.6,0.88
8964,AUD_JPY,short,-0.3930,-0.0510,0.4860,0.2670,37.6000,normal,444,2.5000,14.7000,8.5000,3.8000,asia,4.33,20.24,75.78,5.484,6.411,10.1,-31.5,0.95,0.81,1.34,2.16,20.5,59.7,-0.22,-0.1,,-0.4,4.4,7.4,1.4,0.74
8972,USD_JPY,short,-0.4006,-0.1240,0.5100,0.6070,37.0000,normal,1010,1.7000,19.4000,7.4000,1.6000,asia,6.1,24.09,61.75,9.483,9.364,9.57,-28.5,1.0,0.96,1.75,2.7,15.8,55.9,0.03,-0.031,,3.9,11.8,17.2,11.6,0.88
8981,AUD_JPY,short,-0.3153,-0.0590,0.4050,0.4620,27.3000,normal,617,2.1000,5.0000,5.2000,3.5500,asia,5.65,20.21,75.78,7.158,6.4,6.73,-27.3,0.95,0.81,1.33,2.4,22.4,59.0,-0.34,-0.136,,-1.4,9.4,5.3,3.0,0.74
8984,AUD_USD,short,-0.2790,-0.0930,0.3840,0.8680,12.5000,normal,162,1.3000,7.4000,5.1000,2.9500,asia,2.29,10.25,54.31,4.04,4.529,2.76,-10.0,0.55,0.42,0.78,1.25,37.1,51.3,-0.65,-0.159,,2.0,3.2,8.5,24.0,0.63
8990,AUD_JPY,short,-0.3748,-0.0670,0.4560,0.3920,25.5000,normal,653,2.2000,5.0000,4.5000,3.0000,asia,5.64,20.21,75.78,7.14,6.4,6.32,-27.3,0.95,0.81,1.19,2.17,28.2,59.0,-0.34,-0.158,,-3.8,0.0,3.3,3.0,0.74
8993,USD_JPY,short,-0.2813,-0.0820,0.3630,0.8030,29.8000,normal,669,1.4000,-9.1000,0.0000,-19.0000,asia,7.51,25.11,61.75,11.671,9.758,7.86,-15.1,1.0,0.96,0.71,1.26,29.1,58.2,0.13,-0.035,,-0.1,1.5,-3.4,12.7,0.88
9000,AUD_USD,short,-0.3250,-0.0680,0.4500,0.4650,8.8000,normal,185,1.3000,13.3000,9.6000,8.8000,asia,2.64,9.39,54.31,4.671,4.15,0.87,-15.0,0.55,0.42,1.04,1.03,43.5,29.8,-1.01,-0.181,,2.8,5.1,9.5,33.1,0.63
9011,AUD_USD,short,-0.4740,-0.0800,0.5760,0.2930,9.8000,normal,201,1.3000,5.0000,3.5000,1.5000,asia,2.73,8.59,54.31,4.823,3.797,2.64,-19.6,0.55,0.42,1.1,1.01,21.3,17.0,-1.08,-0.286,,-1.6,4.4,6.5,61.6,0.63
9014,USD_JPY,long,0.2819,0.0490,0.3880,0.4480,17.6000,normal,482,1.5000,2.8000,2.8000,2.6000,asia,3.46,25.4,61.75,5.375,9.872,11.86,26.6,1.0,0.96,0.92,0.72,80.4,65.3,0.33,0.142,,1.8,3.0,10.9,2.3,0.88
9017,AUD_JPY,short,-0.4130,-0.0860,0.5030,0.4140,12.1000,normal,327,2.2000,6.1000,1.5000,-5.7000,asia,4.13,18.04,75.78,5.23,5.712,6.56,-12.4,0.95,0.81,0.98,0.77,36.2,34.2,-0.52,-0.197,,-0.9,3.8,8.1,34.4,0.74
9029,AUD_USD,short,-0.3701,-0.0860,0.4610,0.5040,10.5000,normal,187,1.3000,-11.5000,1.0000,-19.1500,asia,2.21,8.58,54.31,3.914,3.791,4.74,-0.7,0.55,0.42,0.95,1.01,34.0,38.0,-0.43,-0.308,,1.6,0.7,3.2,38.8,0.63
9032,USD_JPY,long,0.2652,0.0290,0.3550,0.3080,26.2000,normal,749,1.4000,-3.9000,0.0000,-18.7500,asia,3.44,22.56,61.75,5.341,8.767,10.71,13.6,1.0,0.96,1.14,1.23,61.4,48.7,0.21,0.153,,-0.7,4.3,5.7,25.0,0.88
9037,USD_CHF,long,0.2860,0.0340,0.4420,0.2690,10.9000,normal,269,1.5000,9.2000,7.7000,5.7500,london,3.52,10.86,59.24,5.706,4.398,2.75,5.9,0.85,0.95,1.13,1.22,49.6,65.8,0.74,0.237,,1.2,2.3,9.7,49.2,0.86
9040,AUD_JPY,long,0.2810,0.0470,0.4020,0.4160,19.7000,normal,410,2.3000,13.8000,4.9000,-17.5000,london,4.51,18.62,75.78,5.71,5.898,5.7,36.7,0.95,0.81,0.82,0.94,58.2,41.7,0.29,0.132,,5.8,7.9,16.3,27.3,0.74
9043,GBP_USD,long,0.3187,0.0870,0.5170,0.5280,18.7000,normal,836,2.0000,37.0000,7.5000,6.6500,london,5.37,17.31,81.14,6.355,5.119,6.03,62.7,0.1,0.05,1.06,1.12,84.3,59.7,0.66,0.094,,5.5,10.7,23.3,16.9,1.01
9046,EUR_JPY,long,0.3244,0.0750,0.4670,0.4950,20.4000,normal,619,2.8000,25.0000,9.4000,6.4000,london,5.32,24.57,91.11,5.607,6.473,9.28,46.6,0.6,0.54,0.79,0.84,80.3,37.2,0.23,0.084,,1.9,4.4,11.8,51.6,0.92
9052,GBP_USD,long,0.2923,0.1220,0.4370,0.9550,15.0000,normal,547,2.1000,1.8000,1.2000,-19.3500,london,4.44,17.1,81.14,5.248,5.058,10.57,41.5,0.1,0.05,0.68,0.71,73.8,61.5,0.73,0.187,,0.6,6.3,7.0,33.8,1.01
9056,USD_CAD,long,0.6370,0.3140,0.7260,0.6790,13.0000,normal,291,1.9000,15.3000,9.1000,5.7000,ny,4.06,10.39,59.62,6.533,4.181,5.62,26.8,0.75,0.88,0.82,0.82,70.4,63.7,1.36,0.181,,-1.8,2.0,7.9,54.2,0.87
9068,USD_JPY,short,-0.2610,-0.0580,0.3590,0.6190,16.0000,normal,1437,1.6000,-14.2000,1.9000,-18.1500,ny,3.31,12.15,61.75,5.153,4.722,19.85,5.1,1.0,0.96,2.16,2.19,37.9,56.2,0.2,-0.052,,-4.1,7.1,8.6,19.0,0.88
9078,EUR_JPY,long,0.2544,0.0260,0.3500,0.2920,14.6000,normal,373,2.4000,10.1000,13.0000,10.4000,ny,4.86,16.95,91.11,5.118,4.465,8.85,10.7,0.6,0.54,0.52,0.54,60.2,62.6,0.54,0.076,,-5.1,-5.0,1.0,18.3,0.92
